"county","muasiint_FloodStatus","muasiint_Intercept","mublackint_FloodStatus","mublackint_Intercept","muhispint_FloodStatus","muhispint_Intercept","muothint_FloodStatus","muothint_Intercept","county .SE ","muasiint_FloodStatus .SE ","muasiint_Intercept .SE ","mublackint_FloodStatus .SE ","mublackint_Intercept .SE ","muhispint_FloodStatus .SE ","muhispint_Intercept .SE ","muothint_FloodStatus .SE ","muothint_Intercept .SE "
"53011",0.228020955658029,-5.21094307165079,-0.175616683495958,-3.64694780850206,1.25389519002826,-3.95266208762746,-0.0395001822119762,-4.43002041042915,"53011",0.131597408278956,0.0900429421522336,0.0680500194643223,0.0422160173145518,0.0590980388616023,0.0488491050782585,0.095183192679842,0.0593173568143484
"53013",1.55100113146842,-6.61068278096052,1.65380228663524,-6.26727059845611,0.651083951184179,-4.16975704434156,0.126175259200117,-5.50909213660295,"53013",0.83144135706857,0.627033226326847,0.692933848892274,0.535910475711653,0.305121128180222,0.184696969849966,0.716412321146548,0.359808564009447
"53019",-87.370929483509,-7.76595744312828,-0.022401428294774,-5.16146039184659,-0.185938772933785,-4.22840371071106,-1.08224458255217,-1.75871945955235,"53019",87.0472891523504,0.784447967953696,0.684844816901215,0.220927881011999,0.460278358291835,0.136106865290032,0.198598576908864,0.0413930154078986
"53021",-0.794077034540148,-3.73791076446553,1.55268451692944,-3.14833234651404,-0.342454336700806,0.124246466062771,0.786370514493017,-5.87481528922498,"53021",0.484590453494019,0.0441644280556202,0.127342470482291,0.0339572188161401,0.0718400699306203,0.00900765234761143,0.655076239487339,0.125420929666971
"53023",19.6614823179528,-23.3221017224898,-21.0917289006373,-28.8662579219175,-1.32927971560047,-5.46617520466393,-14.1365451773185,-30.7243471144195,"53023",20.5598975030058,20.5497499350814,63.0985091301399,34.6177449001729,1.47381738150762,0.508500589824223,50.6635344551463,36.1513016251725
"53027",0.228020955658029,-5.21094307165079,-0.175616683495958,-3.64694780850206,1.25389519002826,-3.95266208762746,-0.0395001822119762,-4.43002041042915,"53027",0.131597408278956,0.0900429421522336,0.0680500194643223,0.0422160173145518,0.0590980388616023,0.0488491050782585,0.095183192679842,0.0593173568143484
"53035",-0.710761964705037,-3.74524460710654,-0.165405236505294,-3.5513538576723,1.56732364152931,-3.48802487047756,0.66246531553677,-5.55433891416431,"53035",0.42773783729298,0.0183764263592798,0.291303184641477,0.0166633857434471,0.132721364354929,0.0163376411269081,0.538497268925207,0.0445501167773833
"53037",1.10445073708071,-5.7258840591256,1.09598151845063,-5.69337021787732,1.48702904079954,-4.16586463549436,1.20904071432023,-6.3073022560078,"53037",0.194498069803912,0.177726956683102,0.196967546028337,0.177952299359215,0.0879235041029583,0.0803453815658471,0.261426338055302,0.234282751467602
"53039",-110.536639775401,-6.98344833804147,-0.373776128233391,-6.36871760914195,0.421428166835566,-3.16047126692349,0.204944099631345,-5.11680451725584,"53039",114.147187173181,0.319953263178438,0.856373747246542,0.222743753667766,0.127524893357995,0.0465128999674149,0.354808299748716,0.122844611472289
"53045",-1.47157235658746,-5.30703095923826,0.0140526025188562,-5.17476984134862,0.103792440094318,-3.49327525326394,1.33926799028592,-4.954930053491,"53045",0.646759656590896,0.080069750853547,0.298756028674139,0.0739225277466337,0.123605625797883,0.0328463708737942,0.145490400905904,0.0651118932677065
"53047",-1.49766714486873,-6.13637569177723,-1.87771097588916,-4.93171324681638,1.5611630494269,-2.53859803568584,-0.835318150842807,-2.42081189836094,"53047",0.821736478365357,0.162720106586733,0.548952841846715,0.0881817705094381,0.0437139133685141,0.0281244067904549,0.0936636105224588,0.0257958479471718
"53049",0.788362695828992,-5.18390480531666,2.01422120837568,-6.14396753333993,0.920364041647447,-3.52492515257389,0.47598311556447,-5.7275741469551,"53049",0.240339536004764,0.150410895184876,0.290573656555808,0.242868172289082,0.10461818260901,0.0678922508961659,0.344521338511493,0.193398045853277
"53057",0.0372429754013918,-4.99245783228961,0.497755987924293,-5.00557621068773,0.794237141180076,-2.66362399770559,-0.964486399916962,-4.62776839903177,"53057",0.110737139830925,0.0558662487659252,0.0953338899927611,0.0561429034229139,0.0289282572503021,0.0187861911539414,0.142363820562965,0.0468753991561133
"53059",-1.39617526256772,-6.17805264020601,0.16028650272564,-6.2651039254503,-0.623412650852287,-4.14181684877073,-1.19782513763094,-5.40130504851525,"53059",1.29060560366047,0.281832031217986,0.706141432280887,0.280055858657026,0.334857381210954,0.104177813636186,0.825219603313291,0.192525606825481
"53063",0.0965764513895023,-4.55765033541141,-0.399900489316879,-3.95787494805421,-1.25846707817125,-4.12011363566296,1.03078521525496,-5.38886359035031,"53063",0.128386996193282,0.0188102728704956,0.123177653619348,0.0143654837317479,0.205882463373415,0.0154985282224542,0.123210896740577,0.0288610558615816
"53067",-1.88956246520463,-3.12400965538424,-1.25803612393498,-3.25039864746338,-0.2010830059167,-3.3517172281408,1.73112054448056,-5.58100716450989,"53067",0.17690153534282,0.0138178930749264,0.13900702598518,0.0143571084620035,0.0873549304094991,0.0155582640645294,0.108721013416101,0.0461672623148304
"53069",0.536988190977364,-6.98143868981293,-34.0333326914997,-6.52706174747109,-0.278775106803952,-4.7096550727233,-1.64099898953811,-5.74420565416398,"53069",1.06670977057737,0.743073269141616,47.7289653673855,0.632078023316925,0.450311833244323,0.247796042958379,1.29499044539089,0.419169194054278
"53071",-1.38949948020111,-5.07503548728042,-1.59945172045668,-4.27202571033075,-0.827075473168326,-1.72832322669051,0.0715965947373741,-6.10169198577402,"53071",0.526269611626326,0.0799687717636466,0.386044962862765,0.0507002427656414,0.0794911643513232,0.0162672052498724,0.449110124062253,0.124909355995947
"53073",-0.918324321483359,-3.69894250891297,-1.1205172599487,-4.66018142324749,0.396216943796671,-3.34101101360097,0.0126793337687345,-4.35214410001497,"53073",0.110027685715441,0.020191327813591,0.189568206902691,0.0317289841281709,0.0508002067261309,0.01655976947602,0.0973413205518035,0.0268863644004279
"53077",0.148545835091051,-4.98882528379986,1.48322944680512,-4.47633771803888,1.30595174627705,-0.488952977407564,1.96455562743944,-4.17758004044274,"53077",0.12275663262017,0.0456586098472632,0.0576361161896043,0.0351701728697393,0.0129689939680271,0.00613689511181128,0.0429424285797275,0.0302974223982112
