"","county","white","black","hisp","asi","oth"
"1","53001",1852.75395061234,8.51677575128944,1658.5310820423,11.8937907801445,27.3044008139232
"2","53003",6507.38344600575,62.5875653863686,89.6547311868179,17.6949423026004,110.679315118465
"3","53005",39828.426384391,1169.89594818164,5568.27102848819,836.768103792447,759.638535145075
"4","53007",17468.760571789,133.817026570087,3317.12323985975,82.04401770533,275.255144075845
"5","53009",21489.8282392722,244.986259287471,555.428164637635,163.710214300203,637.047122500636
"6","53011",95197.9237014354,4545.93690934806,4966.98866601191,4548.48378110979,2389.6669421768
"7","53013",1299.61852819128,10.2837259825683,47.1391412360477,5.29641402935363,25.6621905607476
"8","53017",8674.64689437371,75.9179071121407,1993.23750082596,45.47492177176,154.722775888486
"9","53021",8859.81076049399,600.254667130685,7193.97863766571,263.045665269119,193.910269440496
"10","53025",15470.9670790169,441.021143971328,5796.6564727042,135.148664808291,331.206639499253
"11","53027",19623.7492089823,267.108063409006,927.174304352152,164.225149725401,669.743273480875
"12","53029",22241.0754074822,851.211481117259,747.211283669691,473.467976523046,533.033851325192
"13","53033",331903.94789473,38756.632746542,22080.5151925467,63403.8170271339,11635.0871395132
"14","53035",63107.7335420496,3675.81008915968,3037.90984382195,2099.62607307954,2364.92045192179
"15","53037",9487.22276552003,121.864789325605,326.273226547838,84.9748902592135,172.664328347315
"16","53043",600.004309347396,3.49961885996752,5.2646499827331,0.422366149582887,14.8090556603203
"17","53045",16519.679336884,251.28631412328,743.724757578893,122.691362227712,570.618229169388
"18","53047",9389.61439471164,77.9662672537552,1002.47594708936,29.202216409907,599.741174535346
"19","53049",6666.03010424951,37.9018594654734,323.024102763608,61.479069318545,193.564864202862
"20","53051",3563.96995027454,36.2445855419809,61.8756149552708,5.53884637503811,97.3710028531671
"21","53053",160349.021068623,25359.4370236789,11129.5747258535,9784.61669840501,7079.35048350234
"22","53057",31451.9664268573,429.449936977981,2799.668825427,338.59457364987,696.320237073889
"23","53059",3536.22390052128,36.2936870818195,92.894306636132,14.2958089009509,78.292296859818
"24","53061",148116.221057847,8495.96816575182,9410.92858051642,15066.4400649626,4753.44213101744
"25","53063",118817.012975352,4059.05153056187,3269.0988190725,1743.38248980896,3057.45418535394
"26","53067",61750.6752975343,4553.53510139094,3392.66419281255,2962.50918637239,2152.61622194198
"27","53071",12278.6841563885,264.496375746934,2075.84128127469,107.270780178746,211.707406384098
"28","53073",45160.9153828352,1012.71990529806,2210.50997709701,1368.22888125783,1286.62585367361
"29","53077",32696.4949244833,917.514923248012,20708.5695470065,367.244042779768,1195.17656250475
