"county","muasiint_Intercept","muasiint_parcelfloodper","mublackint_Intercept","mublackint_parcelfloodper","muhispint_Intercept","muhispint_parcelfloodper","muoth2int_Intercept","muoth2int_parcelfloodper","muoth3int_Intercept","muoth3int_parcelfloodper","muothint_Intercept","muothint_parcelfloodper","county .SE ","muasiint_Intercept .SE ","muasiint_parcelfloodper .SE ","mublackint_Intercept .SE ","mublackint_parcelfloodper .SE ","muhispint_Intercept .SE ","muhispint_parcelfloodper .SE ","muoth2int_Intercept .SE ","muoth2int_parcelfloodper .SE ","muoth3int_Intercept .SE ","muoth3int_parcelfloodper .SE ","muothint_Intercept .SE ","muothint_parcelfloodper .SE "
"53001",-4.54195585615275,-24.2745942570372,-5.48803613547348,7.5947089357683,0.931100878130141,-52.0595189047961,NA,NA,NA,NA,-4.18824693180706,-1.78077326592596,"53001",0.17809406953628,7.0166679728151,0.279987226737692,4.83410951021646,0.0214465919143278,1.20306050694485,NA,NA,NA,NA,0.147150106023066,3.08457069535339
"53003",-5.91018766060817,-1.83506385688279,-4.10148529976,-6.55465728914429,-4.14414197374496,-2.33183291116465,NA,NA,NA,NA,-3.92600612128318,-3.03886285244928,"53003",0.192120473064267,2.86829047380731,0.0843333828754366,1.57977351885242,0.0822465944818043,1.22466486567037,NA,NA,NA,NA,0.0725689831946216,1.12895951764767
"53005",-3.7272414278218,-7.78032667823249,-3.23780915450957,-4.62341427322987,-1.85024648429142,2.47978896354717,NA,NA,NA,NA,-3.88804298552354,-0.212403665819883,"53005",0.0227638186430809,0.620729920102358,0.017316097109859,0.369581284836764,0.00906892234094825,0.119322033942995,NA,NA,NA,NA,0.0233294132922455,0.352479004457579
"53007",-4.89729595722585,-6.32946565107846,-4.65835923223798,-0.621164039519381,-1.26422792541601,-1.79151174690861,NA,NA,NA,NA,-3.94411732401352,-1.131987732115,"53007",0.0722102153469607,1.01340983234039,0.0623082329729127,0.427813539424624,0.0128564554500535,0.103286826545863,NA,NA,NA,NA,0.0411125750707868,0.316930631889815
"53009",-4.78025130599535,-0.36686359069443,-4.21795978583962,-0.952603171735107,-3.39235234071969,-0.987537957677878,NA,NA,NA,NA,-3.38185451224472,-0.130618357977192,"53009",0.0598929260905036,0.38602990549004,0.0440048171859577,0.315954707421412,0.0305557879030591,0.218487978011563,NA,NA,NA,NA,0.0291058143451574,0.184003103419686
"53011",-2.84309528775208,-6.8278603037666,-2.88383413003052,-1.54866646488315,-2.86126442510801,0.134630510719973,NA,NA,NA,NA,-3.62969075856608,-0.233194691396569,"53011",0.00895099197015383,0.254799785895399,0.0085441898515547,0.122078836565462,0.0086417520715359,0.0908744910910045,NA,NA,NA,NA,0.0122485960918315,0.142230432358727
"53017",-5.01850145145196,-6.41428863820856,-4.75376887717857,0.0383043586472099,-1.58558042989944,5.0319620542937,NA,NA,NA,NA,-4.01297033139541,1.24053091693114,"53017",0.0884387477318919,2.12349505441579,0.0767289867321976,0.874183342858625,0.0165618753513409,0.125546939980543,NA,NA,NA,NA,0.052039888900804,0.486715969750647
"53019",NA,NA,-7.92231389102137,24.6081065020375,-2.89172920301456,-8.56252236447476,-0.117700820197501,-15.4889336107946,NA,NA,NA,NA,"53019",NA,NA,0.931401651905794,7.26194315009662,0.390807831155612,3.69529718283006,0.149960113569077,1.45398887710932,NA,NA,NA,NA
"53021",-3.55064474173766,3.53342177988672,-2.73817199397344,7.20723725413294,-0.0431703910442036,6.2389165465139,NA,NA,NA,NA,-3.81759051353543,2.62204240812561,"53021",0.0379447800907265,0.756146337151664,0.025366628245202,0.434776614986639,0.00908482301913899,0.196367278356614,NA,NA,NA,NA,0.0429843620922244,0.899860428058555
"53025",-4.74862055179929,5.36170007968981,-3.81370408926306,10.7536296106011,-0.477657621490503,-9.92731723520245,NA,NA,NA,NA,-3.67257092491773,-1.81084312255834,"53025",0.0628689059034867,1.31950493833299,0.0378138457926804,0.679923415050114,0.0101856311013943,0.307347737836395,NA,NA,NA,NA,0.0396123301748624,0.976948340818896
"53027",-4.56745438928414,0.0408647236942773,-3.36266645211608,-0.401052199022065,-3.78800585522454,1.82236574087835,NA,NA,NA,NA,-3.36164230377582,0.462833291205476,"53027",0.0654908733549833,0.123533243669845,0.0388542408278146,0.0832445602823141,0.0385204116534288,0.0559226433879337,NA,NA,NA,NA,0.035578517054202,0.0634523590568637
"53029",-3.43189587190789,-53.3126619906025,-2.92696441419758,-36.8979332273389,-3.14417890687406,-31.6231105269708,NA,NA,NA,NA,-3.52212940386061,-22.1134189238476,"53029",0.0293071662567707,4.82974470406831,0.0216500673502655,3.19603255036142,0.0253656696942749,3.35477845708707,NA,NA,NA,NA,0.0299575293208957,3.66594275548295
"53033",-1.46270949490336,-1.52914214455988,-1.90464576462481,-0.288668485801202,-2.5563973614838,0.454645137796033,NA,NA,NA,NA,-3.25852993095591,0.0688645988430622,"53033",0.002427435633,0.0244250128831679,0.00280243107898851,0.0198940784384362,0.00372792759508579,0.0200137641438815,NA,NA,NA,NA,0.00540212823505999,0.0319721139212027
"53035",-3.23740178196826,-16.0726037582196,-2.69067413538912,0.31536509087579,-2.95014727071093,-0.860790983518289,NA,NA,NA,NA,-3.21785497660249,-0.937226477601769,"53035",0.0128284904786968,1.49437991742888,0.00989893173449841,0.218020457496738,0.0112363747107843,0.355987108745785,NA,NA,NA,NA,0.0127431733734096,0.415360838041381
"53037",-7.31274210924704,3.98092223192337,-6.04341589496999,2.88016614567356,-4.65522892999059,2.71584319128606,NA,NA,NA,NA,-4.28533610784986,0.630816162743838,"53037",0.264605013811084,0.337950266503794,0.180004657524721,0.240149112253711,0.0938138390552432,0.127941350256771,NA,NA,NA,NA,0.122449563227434,0.186865966292318
"53039",NA,NA,-4.54614261283074,-6.39528193139242,-4.55344937398318,16.9831788480625,-3.03543525411046,-4.26374156872378,NA,NA,NA,NA,"53039",NA,NA,0.319885159297404,3.30031604717782,0.124178673672673,1.03835282159731,0.137854222151258,1.39241216707356,NA,NA,NA,NA
"53045",-4.99599244757428,1.99590191102526,-4.01023845089712,-0.396713317146713,-3.17575470267552,2.13796447116443,NA,NA,NA,NA,-3.69655790747506,3.94174906330611,"53045",0.07112000394566,0.471947398103675,0.0518020888207429,0.418308797219518,0.0301254336406459,0.186817678481255,NA,NA,NA,NA,0.0353671551859394,0.187680012426178
"53047",-5.34296086435703,-2.48549527771594,-4.34363739846255,-0.828193052215343,-3.02670527026071,4.43124620743417,NA,NA,NA,NA,-1.99333777129425,-1.45173560819635,"53047",0.164311928373046,0.92986652942258,0.0890492730989054,0.415482281122852,0.0324907863319355,0.0872638881060434,NA,NA,NA,NA,0.0300417412068356,0.155471490606664
"53049",-5.13320655697814,2.55391613860595,-5.12629694829201,1.62190596290099,-3.16815406575928,1.23919436071769,NA,NA,NA,NA,-3.67790544194848,0.983054768007735,"53049",0.142503124921162,0.411846363850727,0.142361768113876,0.444569207738176,0.0537974696038217,0.177209037000594,NA,NA,NA,NA,0.0696682278298975,0.225598483814172
"53051",-5.73616583713185,-7.74057060623299,-4.13129349994463,-6.32845686447732,-4.0384329876972,0.24017896824624,NA,NA,NA,NA,-3.71287113104642,2.44639952648056,"53051",0.330919299952307,4.83032575706807,0.145717981475055,2.04962039099289,0.115799055106954,1.15199092538992,NA,NA,NA,NA,0.0891207139481516,0.827214005787333
"53053",-2.58341556492011,-1.27557930801553,-1.64644745343001,-1.63303551996333,-2.55895764137994,-0.285507922712404,NA,NA,NA,NA,-3.026364418098,-0.412847094966964,"53053",0.00615292141242748,0.0421138721917199,0.00392510592575955,0.0309767101829485,0.00584771861007675,0.0296547557441807,NA,NA,NA,NA,0.00763736186572042,0.0377992081024089
"53057",-4.44334564982846,-0.0100324060211973,-4.02788436797973,0.242130362384766,-2.33913974519477,0.686751217580869,NA,NA,NA,NA,-3.50665374602446,-0.388055657835762,"53057",0.0435272566855333,0.106522886272573,0.0346533144194552,0.0794201987779544,0.0155307356802137,0.0318683987047369,NA,NA,NA,NA,0.0275637093388812,0.0753126384752732
"53059",-6.13043445505338,3.15968508561162,-5.35208348006079,3.83336988108019,-3.3780226832088,-1.0749716939793,NA,NA,NA,NA,-3.54670036078155,-1.30692813934399,"53059",0.339349765081789,1.31401195047948,0.219692845003277,0.84808874545473,0.105259771694269,0.5181848692715,NA,NA,NA,NA,0.117930439117903,0.597830541934955
"53061",-2.03708978421586,-10.0854737045398,-2.55030877130065,-6.83046829305222,-2.61615596817719,0.0701222527428325,NA,NA,NA,NA,-3.31082666198812,-0.966711727118101,"53061",0.00493032725718876,0.170195618514139,0.00629724578205999,0.172282694393893,0.00616160550443178,0.0563552842009559,NA,NA,NA,NA,0.00841878023497074,0.101556359269283
"53063",-4.12470715882013,-1.83235160086754,-3.15497268154453,-4.26687212552172,-3.4720119497147,-1.90209912940919,NA,NA,NA,NA,-3.54361885332074,-2.33146215034757,"53063",0.0157104809928779,0.332906292012712,0.00945919163755321,0.244234119356336,0.0112671486336728,0.240009218359197,NA,NA,NA,NA,0.0120058745472089,0.248046129713848
"53067",-2.70822759056686,-8.60597573144572,-2.39120202776749,-4.05129920906201,-2.83227537897727,-0.087344780937683,NA,NA,NA,NA,-3.33607019915005,1.47502931904812,"53067",0.0115968844513088,0.312156459575972,0.0100065673343271,0.181967717023033,0.0117201961205299,0.15467053325207,NA,NA,NA,NA,0.0144964717384937,0.163613731467092
"53069",1.78153758043174e+24,-5.01394694358214e+24,NA,NA,7.25436405264512e+24,-2.04166316045814e+25,NA,NA,1.1197293516102e+24,-3.1513584792214e+24,NA,NA,"53069",4.26616375888625e+25,1.2006661534754e+26,NA,NA,3.46849830538035e+25,9.7617174445835e+25,NA,NA,2.55492338741966e+25,7.19055856589614e+25,NA,NA
"53071",-4.4764133068704,-3.53286361712598,-3.35442951949785,-5.37240091791172,-1.3946376460051,-3.28471190939836,NA,NA,NA,NA,-3.94572223608218,-0.589373383378892,"53071",0.0597253824440197,0.658472632552349,0.0358622185724816,0.502568754254706,0.0146438473608765,0.143401926173466,NA,NA,NA,NA,0.0446775097199325,0.311396029162712
"53073",-3.29599852139581,-2.54155271465559,-3.55088895475554,-2.02025109361961,-2.93049511748073,0.843753467035256,NA,NA,NA,NA,-3.30042011107597,-1.26973805968508,"53073",0.0160867838325352,0.144617087655886,0.0182504324041745,0.145048671542179,0.0130162065168908,0.0558911643093607,NA,NA,NA,NA,0.0157248176934454,0.109954986371078
"53077",-4.60441299227349,0.658327199916334,-3.73398147035455,1.49491126597533,-0.598103343281271,1.86765342540088,NA,NA,NA,NA,-3.39023866203333,1.96962197917724,"53077",0.0364492480252391,0.109331120746541,0.0228598989587278,0.0513640834302613,0.00594842897162985,0.0164511974347845,NA,NA,NA,NA,0.019575663308918,0.0391419167119815
